<?xml version="1.0" encoding="utf-8" ?>
<dwsync>
<file name="Admin_Crear.php" server="C:/wamp/www/Web_CV/" local="130866207877678110" remote="130866207870000000" Dst="2" />
<file name="Admin_Modificar_02.php" server="C:/wamp/www/Web_CV/" local="130866207695523425" remote="130866207690000000" Dst="2" />
<file name="Admin_Modificar_01.php" server="C:/wamp/www/Web_CV/" local="130866207770302594" remote="130866207770000000" Dst="2" />
<file name="Admin_Borrar_02.php" server="C:/wamp/www/Web_CV/" local="130866207681965379" remote="130866207680000000" Dst="2" />
<file name="Admin_Borrar_01.php" server="C:/wamp/www/Web_CV/" local="130866207679875259" remote="130866207670000000" Dst="2" />
<file name="Admin_Ver.php" server="C:/wamp/www/Web_CV/" local="130866207696373426" remote="130866207690000000" Dst="2" />
<file name="Admin_Borrar_01.php" server="C:/wamp/www/MCGestion/" local="131159830211972947" remote="131159830210000000" Dst="1" />
<file name="Admin_Borrar_02.php" server="C:/wamp/www/MCGestion/" local="131159831455454070" remote="131159831450000000" Dst="1" />
<file name="Admin_Crear.php" server="C:/wamp/www/MCGestion/" local="131159832947399405" remote="131159832940000000" Dst="1" />
<file name="Admin_Modificar_01.php" server="C:/wamp/www/MCGestion/" local="131159834348999572" remote="131159834340000000" Dst="1" />
<file name="Admin_Modificar_02.php" server="C:/wamp/www/MCGestion/" local="131161706846540280" remote="131161706840000000" Dst="1" />
<file name="Admin_Ver.php" server="C:/wamp/www/MCGestion/" local="131159840799688530" remote="131159840790000000" Dst="1" />
<file name="mcgexit.php" server="C:/wamp/www/MCGestion/" local="131159852335128319" remote="131159852330000000" Dst="1" />
<file name="Admin_Ver_02.php" server="C:/wamp/www/MCGestion/" local="131159841509799146" remote="131159841500000000" Dst="1" />
<file name="uploadimg.php" server="C:/wamp/www/MCGestion/" local="131218788596390617" remote="131218788590000000" Dst="1" />
<file name="Admin_Modificar_img.php" server="C:/wamp/www/MCGestion/" local="131159837792146508" remote="131159837790000000" Dst="1" />
<file name="Feedback_Ver.php" server="C:/wamp/www/MCGestion/" local="131159851242805842" remote="131159851240000000" Dst="1" />
<file name="Feedback_Ver_02.php" server="C:/wamp/www/MCGestion/" local="131159851814568545" remote="131159851810000000" Dst="1" />
<file name="Feedback_Admin_Borrar_01.php" server="C:/wamp/www/MCGestion/" local="131159843192885413" remote="131159843190000000" Dst="1" />
<file name="Feedback_Admin_Borrar_02.php" server="C:/wamp/www/MCGestion/" local="131159844056474807" remote="131159844050000000" Dst="1" />
<file name="Feedback_Admin_Recuperar_01.php" server="C:/wamp/www/MCGestion/" local="131159847025824645" remote="131159847020000000" Dst="1" />
<file name="Feedback_Admin_Recuperar_02.php" server="C:/wamp/www/MCGestion/" local="131159848507469390" remote="131159848500000000" Dst="1" />
</dwsync>