<?xml version="1.0" encoding="utf-8" ?>
<dwsync>
<file name="mcgexit.php" server="C:/wamp/www/MCGestion/" local="131160016520000000" remote="131160016520000000" Dst="1" />
<file name="uploadimg.php" server="C:/wamp/www/MCGestion/" local="131218797801431572" remote="131218797800000000" Dst="1" />
<file name="Provee_Crear.php" server="C:/wamp/www/MCGestion/" local="131218796369251327" remote="131218796360000000" Dst="1" />
<file name="Provee_Modificar_img.php" server="C:/wamp/www/MCGestion/" local="131218797161630240" remote="131218797160000000" Dst="1" />
<file name="Provee_Ver.php" server="C:/wamp/www/MCGestion/" local="131160024350000000" remote="131160024350000000" Dst="1" />
<file name="Provee_Ver_02.php" server="C:/wamp/www/MCGestion/" local="131160024710000000" remote="131160024710000000" Dst="1" />
<file name="Provee_Modificar_01.php" server="C:/wamp/www/MCGestion/" local="131160020370000000" remote="131160020370000000" Dst="1" />
<file name="Provee_Modificar_02.php" server="C:/wamp/www/MCGestion/" local="131162531120000000" remote="131162531120000000" Dst="1" />
<file name="Provee_Borrar_01.php" server="C:/wamp/www/MCGestion/" local="131160017240000000" remote="131160017240000000" Dst="1" />
<file name="Provee_Borrar_02.php" server="C:/wamp/www/MCGestion/" local="131160017650000000" remote="131160017650000000" Dst="1" />
<file name="Provee_Modificar_Feed_02.php" server="C:/wamp/www/MCGestion/" local="131162599300000000" remote="131162599300000000" Dst="1" />
<file name="untitled.png" server="C:/wamp/www/MCGestion/" local="131159167270000000" remote="131159167270000000" Dst="1" />
<file name="Provee_Borrar_Feed_01.php" server="C:/wamp/www/MCGestion/" local="131160018430000000" remote="131160018430000000" Dst="1" />
<file name="Provee_Borrar_Feed_02.php" server="C:/wamp/www/MCGestion/" local="131160019000000000" remote="131160019000000000" Dst="1" />
<file name="Provee_Modificar_Feed_01.php" server="C:/wamp/www/MCGestion/" local="131162602070000000" remote="131162602070000000" Dst="1" />
<file name="Provee_Modificar_Feed_img.php" server="C:/wamp/www/MCGestion/" local="131218796695362052" remote="131218796690000000" Dst="1" />
</dwsync>