<?xml version="1.0" encoding="utf-8" ?>
<dwsync>
<file name="Cliente_Ver_02.php" server="C:/wamp/www/MCGestion/" local="131159983741740624" remote="131159983740000000" Dst="1" />
<file name="Cliente_Modificar_img.php" server="C:/wamp/www/MCGestion/" local="131159983256143500" remote="131159983250000000" Dst="1" />
<file name="Cliente_Modificar_02.php" server="C:/wamp/www/MCGestion/" local="131193794549685757" remote="131193794540000000" Dst="1" />
<file name="Cliente_Modificar_01.php" server="C:/wamp/www/MCGestion/" local="131159981774052518" remote="131159981770000000" Dst="1" />
<file name="Cliente_Crear.php" server="C:/wamp/www/MCGestion/" local="131187609993789530" remote="131187609990000000" Dst="1" />
<file name="Cliente_Borrar_02.php" server="C:/wamp/www/MCGestion/" local="131159980164675004" remote="131159980160000000" Dst="1" />
<file name="Cliente_Borrar_01.php" server="C:/wamp/www/MCGestion/" local="131159979170250987" remote="131159979170000000" Dst="1" />
<file name="mcgexit.php" server="C:/wamp/www/MCGestion/" local="131159984534034512" remote="131159984530000000" Dst="1" />
<file name="caja_00.php" server="C:/wamp/www/MCGestion/" local="131159977916899086" remote="131159977910000000" Dst="1" />
<file name="Productos_Ver_02.php" server="C:/wamp/www/MCGestion/" local="131159985060930875" remote="131159985060000000" Dst="1" />
<file name="ventas.php" server="C:/wamp/www/MCGestion/" local="131159986610366867" remote="131159986610000000" Dst="1" />
<file name="Condiciones_Uso.html" server="C:/wamp/www/MCGestion/" local="131159053160000000" remote="131159053160000000" Dst="1" />
<file name="Proteccion_Datos.html" server="C:/wamp/www/MCGestion/" local="131159053400000000" remote="131159053400000000" Dst="1" />
</dwsync>