<?xml version="1.0" encoding="utf-8" ?>
<dwsync>
<file name="Gastos_Ver.php" server="C:/wamp/www/MCGestion/" local="131162420180000000" remote="131162420180000000" Dst="1" />
<file name="Gastos_Crear.php" server="C:/wamp/www/MCGestion/" local="131218790461813750" remote="131218790460000000" Dst="1" />
<file name="Gastos_Borrar_02.php" server="C:/wamp/www/MCGestion/" local="131159992120000000" remote="131159992120000000" Dst="1" />
<file name="Gastos_Borrar_01.php" server="C:/wamp/www/MCGestion/" local="131159990560000000" remote="131159990560000000" Dst="1" />
<file name="Gastos_Modificar_img.php" server="C:/wamp/www/MCGestion/" local="131218790810418643" remote="131218790810000000" Dst="1" />
<file name="Gastos_Ver_02.php" server="C:/wamp/www/MCGestion/" local="131228085624988437" remote="131228085620000000" Dst="1" />
<file name="pdf.png" server="C:/wamp/www/MCGestion/" local="131156720860000000" remote="131156720860000000" Dst="1" />
<file name="Gastos_Modificar_01.php" server="C:/wamp/www/MCGestion/" local="131162643510000000" remote="131162643510000000" Dst="1" />
<file name="Gastos_Modificar_02.php" server="C:/wamp/www/MCGestion/" local="131162641680000000" remote="131162641680000000" Dst="1" />
<file name="untitled.png" server="C:/wamp/www/MCGestion/" local="131150562440000000" remote="131150562440000000" Dst="1" />
</dwsync>