<?xml version="1.0" encoding="utf-8" ?>
<dwsync>
<file name="Feedback_Stock_Borrar_01.php" server="C:/wamp/www/MCGestion/" local="131160039766125179" remote="131160039760000000" Dst="1" />
<file name="Feedback_Stock_Borrar_02.php" server="C:/wamp/www/MCGestion/" local="131160040750769458" remote="131160040750000000" Dst="1" />
<file name="Feedback_Stock_Recuperar_01.php" server="C:/wamp/www/MCGestion/" local="131160042262968569" remote="131160042260000000" Dst="1" />
<file name="Feedback_Stock_Recuperar_02.php" server="C:/wamp/www/MCGestion/" local="131160043495281818" remote="131160043490000000" Dst="1" />
<file name="Feedback_Stock_Ver.php" server="C:/wamp/www/MCGestion/" local="131160045236316711" remote="131160045230000000" Dst="1" />
<file name="Stock_Borrar_01.php" server="C:/wamp/www/MCGestion/" local="131160046944922158" remote="131160046940000000" Dst="1" />
<file name="Stock_Borrar_02.php" server="C:/wamp/www/MCGestion/" local="131160047886230235" remote="131160047880000000" Dst="1" />
<file name="Stock_Crear.php" server="C:/wamp/www/MCGestion/" local="131160049518175731" remote="131160049510000000" Dst="1" />
<file name="Stock_Modificar_01.php" server="C:/wamp/www/MCGestion/" local="131160051077127717" remote="131160051070000000" Dst="1" />
<file name="Stock_Modificar_02.php" server="C:/wamp/www/MCGestion/" local="131160052534296841" remote="131160052530000000" Dst="1" />
<file name="Stock_Ver.php" server="C:/wamp/www/MCGestion/" local="131164127879956245" remote="131164127870000000" Dst="1" />
</dwsync>