<?xml version="1.0" encoding="utf-8" ?>
<dwsync>
<file name="AC_RunActiveContent.js" server="C:/wamp/www/Tutoriales/" local="128997326040000000" remote="128997326040000000" Dst="2" />
<file name="expressInstall.swf" server="C:/wamp/www/Tutoriales/" local="129540704100000000" remote="129540704100000000" Dst="2" />
<file name="Sound_RunActiveContent.js" server="C:/wamp/www/Tutoriales/" local="129102801280000000" remote="129102801280000000" Dst="2" />
<file name="swfobject_modified.js" server="C:/wamp/www/Tutoriales/" local="129540704100000000" remote="129540704100000000" Dst="2" />
<file name="AC_RunActiveContent.js" server="C:/wamp/www/Descargas/" local="128997326040000000" remote="128997326040000000" Dst="2" />
<file name="swfobject_modified.js" server="C:/wamp/www/Descargas/" local="129540704100000000" remote="129540704100000000" Dst="2" />
<file name="expressInstall.swf" server="C:/wamp/www/Descargas/" local="129540704100000000" remote="129540704100000000" Dst="2" />
<file name="Sound_RunActiveContent.js" server="C:/wamp/www/Descargas/" local="129102801280000000" remote="129102801280000000" Dst="2" />
<file name="AC_RunActiveContent.js" server="C:/wamp/www/Web_CV/" local="128997326040000000" remote="128997326040000000" Dst="1" />
<file name="swfobject_modified.js" server="C:/wamp/www/Web_CV/" local="129540704100000000" remote="129540668100000000" Dst="2" />
<file name="expressInstall.swf" server="C:/wamp/www/Web_CV/" local="129540704100000000" remote="129540668100000000" Dst="2" />
<file name="Sound_RunActiveContent.js" server="C:/wamp/www/Web_CV/" local="129102801280000000" remote="129102801280000000" Dst="1" />
<file name="AC_RunActiveContent.js" server="C:/wamp/www/MCGestion/" local="128997326040000000" remote="128997326040000000" Dst="1" />
<file name="expressInstall.swf" server="C:/wamp/www/MCGestion/" local="129540704100000000" remote="129540704100000000" Dst="1" />
<file name="Sound_RunActiveContent.js" server="C:/wamp/www/MCGestion/" local="129102801280000000" remote="129102801280000000" Dst="1" />
<file name="swfobject_modified.js" server="C:/wamp/www/MCGestion/" local="129540704100000000" remote="129540704100000000" Dst="1" />
</dwsync>