<?xml version="1.0" encoding="utf-8" ?>
<dwsync>
<file name="Degra3A.gif" server="C:/wamp/www/Tutoriales/" local="130208562140000000" remote="130208562140000000" Dst="2" />
<file name="DonaSangre.swf" server="C:/wamp/www/Tutoriales/" local="129631595560000000" remote="129631595560000000" Dst="2" />
<file name="Enlaces.swf" server="C:/wamp/www/Tutoriales/" local="129602423700000000" remote="129602423700000000" Dst="2" />
<file name="Logo_Trans.swf" server="C:/wamp/www/Tutoriales/" local="129977997260000000" remote="129977997260000000" Dst="2" />
<file name="Puzz.swf" server="C:/wamp/www/Tutoriales/" local="129560080000000000" remote="129560080000000000" Dst="2" />
<file name="Logo_Trans.swf" server="C:/wamp/www/Descargas/" local="129977997260000000" remote="129977997260000000" Dst="2" />
<file name="DonaSangre.swf" server="C:/wamp/www/Descargas/" local="129631595560000000" remote="129631595560000000" Dst="2" />
<file name="Degra3A.gif" server="C:/wamp/www/Descargas/" local="130208562140000000" remote="130208562140000000" Dst="2" />
<file name="Enlaces.swf" server="C:/wamp/www/Descargas/" local="129602423700000000" remote="129602423700000000" Dst="2" />
<file name="Puzz.swf" server="C:/wamp/www/Descargas/" local="129560080000000000" remote="129560080000000000" Dst="2" />
<file name="Degra3A.gif" server="C:/wamp/www/Web_CV/" local="130208562140000000" remote="130208526140000000" Dst="2" />
<file name="DonaSangre.swf" server="C:/wamp/www/Web_CV/" local="129631595560000000" remote="129631559560000000" Dst="2" />
<file name="Enlaces.swf" server="C:/wamp/www/Web_CV/" local="129602423700000000" remote="129602423700000000" Dst="1" />
<file name="Logo_Trans.swf" server="C:/wamp/www/Web_CV/" local="129977997260000000" remote="129977961260000000" Dst="2" />
<file name="Puzz.swf" server="C:/wamp/www/Web_CV/" local="129560080000000000" remote="129560080000000000" Dst="1" />
<file name="Degra3A.gif" server="C:/wamp/www/MCGestion/" local="130208562140000000" remote="130208562140000000" Dst="1" />
<file name="DonaSangre.swf" server="C:/wamp/www/MCGestion/" local="129631595560000000" remote="129631595560000000" Dst="1" />
<file name="Enlaces.swf" server="C:/wamp/www/MCGestion/" local="129602423700000000" remote="129602423700000000" Dst="1" />
<file name="Logo_Trans.swf" server="C:/wamp/www/MCGestion/" local="129977997260000000" remote="129977997260000000" Dst="1" />
<file name="Puzz.swf" server="C:/wamp/www/MCGestion/" local="129560080000000000" remote="129560080000000000" Dst="1" />
</dwsync>