<?xml version="1.0" encoding="utf-8" ?>
<dwsync>
<file name="uploadimg.php" server="C:/wamp/www/MCGestion/" local="131218788552950553" remote="131218788550000000" Dst="1" />
<file name="Cliente_Ver.php" server="C:/wamp/www/MCGestion/" local="131159864765269283" remote="131159864760000000" Dst="1" />
<file name="Feedback_Cliente_Ver.php" server="C:/wamp/www/MCGestion/" local="131159872630469146" remote="131159872630000000" Dst="1" />
<file name="Feedback_Cliente_Ver_02.php" server="C:/wamp/www/MCGestion/" local="131159873124067379" remote="131159873120000000" Dst="1" />
<file name="Feedback_Cliente_Recuperar_02.php" server="C:/wamp/www/MCGestion/" local="131159870452224558" remote="131159870450000000" Dst="1" />
<file name="Feedback_Cliente_Recuperar_01.php" server="C:/wamp/www/MCGestion/" local="131159869394164040" remote="131159869390000000" Dst="1" />
<file name="Feedback_Cliente_Borrar_02.php" server="C:/wamp/www/MCGestion/" local="131159867788522203" remote="131159867780000000" Dst="1" />
<file name="Feedback_Cliente_Borrar_01.php" server="C:/wamp/www/MCGestion/" local="131159866872009781" remote="131159866870000000" Dst="1" />
<file name="Cliente_Ver_02.php" server="C:/wamp/www/MCGestion/" local="131159865354562988" remote="131159865350000000" Dst="1" />
<file name="Cliente_Modificar_img.php" server="C:/wamp/www/MCGestion/" local="131159862214273374" remote="131159862210000000" Dst="1" />
<file name="Cliente_Modificar_02.php" server="C:/wamp/www/MCGestion/" local="131193793151365107" remote="131193793150000000" Dst="1" />
<file name="Cliente_Modificar_01.php" server="C:/wamp/www/MCGestion/" local="131159859538890351" remote="131159859530000000" Dst="1" />
<file name="Cliente_Crear.php" server="C:/wamp/www/MCGestion/" local="131159857748267933" remote="131159857740000000" Dst="1" />
<file name="Cliente_Borrar_02.php" server="C:/wamp/www/MCGestion/" local="131159856349347920" remote="131159856340000000" Dst="1" />
<file name="Cliente_Borrar_01.php" server="C:/wamp/www/MCGestion/" local="131159855354191000" remote="131159855350000000" Dst="1" />
<file name="mcgexit.php" server="C:/wamp/www/MCGestion/" local="131159873964025421" remote="131159873960000000" Dst="1" />
</dwsync>