<?xml version="1.0" encoding="utf-8" ?>
<dwsync>
<file name="Feedback_Productos_Borrar_01.php" server="C:/wamp/www/MCGestion/" local="131160002209910176" remote="131160002200000000" Dst="1" />
<file name="Feedback_Productos_Borrar_02.php" server="C:/wamp/www/MCGestion/" local="131160003113492364" remote="131160003110000000" Dst="1" />
<file name="Feedback_Productos_Cear.php" server="C:/wamp/www/MCGestion/" local="131160004361214902" remote="131160004360000000" Dst="1" />
<file name="Feedback_Productos_Recuperar_01.php" server="C:/wamp/www/MCGestion/" local="131160005549270209" remote="131160005540000000" Dst="1" />
<file name="Feedback_Productos_Recuperar_02.php" server="C:/wamp/www/MCGestion/" local="131160006943385299" remote="131160006940000000" Dst="1" />
<file name="Feedback_Productos_Ver.php" server="C:/wamp/www/MCGestion/" local="131160008327323870" remote="131160008320000000" Dst="1" />
<file name="Productos_Borrar_01.php" server="C:/wamp/www/MCGestion/" local="131160009512630024" remote="131160009510000000" Dst="1" />
<file name="Productos_Borrar_02.php" server="C:/wamp/www/MCGestion/" local="131160010490549848" remote="131160010490000000" Dst="1" />
<file name="Productos_Crear.php" server="C:/wamp/www/MCGestion/" local="131228290012578785" remote="131228290010000000" Dst="1" />
<file name="Productos_Modificar_01.php" server="C:/wamp/www/MCGestion/" local="131228120781403056" remote="131228120780000000" Dst="1" />
<file name="Productos_Modificar_02.php" server="C:/wamp/www/MCGestion/" local="131228133307393782" remote="131228133300000000" Dst="1" />
<file name="Productos_Ver.php" server="C:/wamp/www/MCGestion/" local="131160015250499836" remote="131160015250000000" Dst="1" />
<file name="Productos_Ver_02.php" server="C:/wamp/www/MCGestion/" local="131161674913675885" remote="131161674910000000" Dst="1" />
<file name="Productos_Modificar_img.php" server="C:/wamp/www/MCGestion/" local="131218795804250789" remote="131218795800000000" Dst="1" />
</dwsync>