<?xml version="1.0" encoding="utf-8" ?>
<dwsync>
<file name="Inclu_Footer_01.php" server="C:/wamp/www/Web_CV/" local="130703127069471256" remote="130703127060000000" Dst="1" />
<file name="Inclu_Menu_00.php" server="C:/wamp/www/Web_CV/" local="130703124032030144" remote="130703124030000000" Dst="1" />
<file name="Admin_Inclu_01.php" server="C:/wamp/www/Web_CV/" local="130703128400000000" remote="130703128400000000" Dst="2" />
<file name="Admin_Inclu_02.php" server="C:/wamp/www/Web_CV/" local="130623308580000000" remote="130623272580000000" Dst="2" />
<file name="Admin_Inclu_01b.php" server="C:/wamp/www/Web_CV/" local="130703128840000000" remote="130703128840000000" Dst="2" />
<file name="validate.php" server="C:/wamp/www/Web_CV/" local="130866214977080386" remote="130866214970000000" Dst="2" />
<file name="Admin_Inclu_01.php" server="C:/wamp/www/MCGestion/" local="131216092977079385" remote="131216092970000000" Dst="1" />
<file name="Admin_Inclu_01b.php" server="C:/wamp/www/MCGestion/" local="131216091925924532" remote="131216091920000000" Dst="1" />
<file name="Admin_Inclu_02.php" server="C:/wamp/www/MCGestion/" local="131216092174742533" remote="131216092170000000" Dst="1" />
<file name="Inclu_Footer_01.php" server="C:/wamp/www/MCGestion/" local="131216092362163720" remote="131216092360000000" Dst="1" />
<file name="Inclu_Menu_00.php" server="C:/wamp/www/MCGestion/" local="131216092529740446" remote="131216092520000000" Dst="1" />
<file name="validate.php" server="C:/wamp/www/MCGestion/" local="131218792524947895" remote="131218792520000000" Dst="1" />
<file name="Master_Index_00.php" server="C:/wamp/www/MCGestion/" local="131159027324074130" remote="131159027320000000" Dst="1" />
<file name="Admin_Inclu_popup.php" server="C:/wamp/www/MCGestion/" local="131216092278126097" remote="131216092270000000" Dst="1" />
<file name="Master_Index_mcgexit.php" server="C:/wamp/www/MCGestion/" local="131159027357086018" remote="131159027350000000" Dst="1" />
<file name="Master_Index_Secciones.php" server="C:/wamp/www/MCGestion/" local="131159027319913892" remote="131159027310000000" Dst="1" />
<file name="Master_Index_Productos.php" server="C:/wamp/www/MCGestion/" local="131159027352475755" remote="131159027350000000" Dst="1" />
<file name="Master_Index_Stocks.php" server="C:/wamp/www/MCGestion/" local="131159027328534385" remote="131159027320000000" Dst="1" />
<file name="Master_Index_Admin.php" server="C:/wamp/www/MCGestion/" local="131159027318093788" remote="131159027310000000" Dst="1" />
<file name="Master_Index_Caja.php" server="C:/wamp/www/MCGestion/" local="131159027348205510" remote="131159027340000000" Dst="1" />
<file name="Master_Index_Clientes.php" server="C:/wamp/www/MCGestion/" local="131159027344315288" remote="131159027340000000" Dst="1" />
<file name="validate_cliente.php" server="C:/wamp/www/MCGestion/" local="131218792961303600" remote="131218792960000000" Dst="1" />
<file name="Master_In_Clientes.php" server="C:/wamp/www/MCGestion/" local="131153830157580947" remote="131153830150000000" Dst="1" />
<file name="Master_In_Clientes_00.php" server="C:/wamp/www/MCGestion/" local="131153830350560934" remote="131153830350000000" Dst="1" />
<file name="Master_In_Cliente_exit.php" server="C:/wamp/www/MCGestion/" local="131153829982743102" remote="131153829980000000" Dst="1" />
<file name="Master_Index_Gastos.php" server="C:/wamp/www/MCGestion/" local="131159027330000000" remote="131159027330000000" Dst="1" />
<file name="Master_Index_Proveedores.php" server="C:/wamp/www/MCGestion/" local="131159027330000000" remote="131159027330000000" Dst="1" />
<file name="validate_provee.php" server="C:/wamp/www/MCGestion/" local="131218793179159146" remote="131218793170000000" Dst="1" />
<file name="Admin_Inclu_01b2.php" server="C:/wamp/www/MCGestion/" local="131216022904873828" remote="131216022900000000" Dst="1" />
</dwsync>