<?xml version="1.0" encoding="utf-8" ?>
<dwsync>
<file name="Secciones_Borrar_01.php" server="C:/wamp/www/MCGestion/" local="131160028472648696" remote="131160028470000000" Dst="1" />
<file name="Secciones_Borrar_02.php" server="C:/wamp/www/MCGestion/" local="131160029343098664" remote="131160029340000000" Dst="1" />
<file name="Secciones_Crear.php" server="C:/wamp/www/MCGestion/" local="131224668281545201" remote="131224668280000000" Dst="1" />
<file name="Secciones_Modificar_01.php" server="C:/wamp/www/MCGestion/" local="131160032923341216" remote="131160032920000000" Dst="1" />
<file name="Secciones_Modificar_02.php" server="C:/wamp/www/MCGestion/" local="131160034093430686" remote="131160034090000000" Dst="1" />
<file name="Secciones_Ver.php" server="C:/wamp/www/MCGestion/" local="131160036624414226" remote="131160036620000000" Dst="1" />
<file name="Tablas_Ver.php" server="C:/wamp/www/MCGestion/" local="131160037901035318" remote="131160037900000000" Dst="1" />
<file name="Secciones_Recupera_01.php" server="C:/wamp/www/MCGestion/" local="131160034956343566" remote="131160034950000000" Dst="1" />
<file name="Secciones_Recupera_02.php" server="C:/wamp/www/MCGestion/" local="131160035725193234" remote="131160035720000000" Dst="1" />
<file name="Secciones_Feed_Borrar_01.php" server="C:/wamp/www/MCGestion/" local="131160031374528146" remote="131160031370000000" Dst="1" />
<file name="Secciones_Feed_Borrar_02.php" server="C:/wamp/www/MCGestion/" local="131160032057005895" remote="131160032050000000" Dst="1" />
</dwsync>