<?xml version="1.0" encoding="utf-8" ?>
<dwsync>
<file name="config.php" server="C:/wamp/www/MCGestion/" local="131224668254943492" remote="131224668250000000" Dst="1" />
<file name="config2.php" server="C:/wamp/www/MCGestion/" local="131216005859975211" remote="131216005850000000" Dst="1" />
<file name="year.txt" server="C:/wamp/www/MCGestion/" local="131187593290000000" remote="131187593290000000" Dst="1" />
<file name="ayear.php" server="C:/wamp/www/MCGestion/" local="131187593290000000" remote="131187593290000000" Dst="1" />
<file name="index_Init_System.php" server="C:/wamp/www/MCGestion/" local="131224668258406045" remote="131224668250000000" Dst="1" />
<file name="ayear_Init_System.php" server="C:/wamp/www/MCGestion/" local="131178876060000000" remote="131178876060000000" Dst="1" />
<file name="index_Play_System.php" server="C:/wamp/www/MCGestion/" local="131162419744972230" remote="131162419740000000" Dst="1" />
<file name="year_Init_System.txt" server="C:/wamp/www/MCGestion/" local="131164121960000000" remote="131164121960000000" Dst="1" />
</dwsync>